,Location,Start Date,traveler_count,Station,OS X,OS Y,Latitude,Longitude,Zone,Postcode
0,,2022-08-31,109,,,,,,,
1,,2022-09-01,111,,,,,,,
2,,2022-09-02,126,,,,,,,
3,,2022-09-03,113,,,,,,,
4,,2022-09-04,96,,,,,,,
5,,2022-09-05,112,,,,,,,
6,,2022-09-06,93,,,,,,,
7, The Regent's Park,2022-08-31,24,,,,,,,
8, The Regent's Park,2022-09-01,22,,,,,,,
9, The Regent's Park,2022-09-02,20,,,,,,,
10, The Regent's Park,2022-09-03,29,,,,,,,
11, The Regent's Park,2022-09-04,45,,,,,,,
12, The Regent's Park,2022-09-05,25,,,,,,,
13, The Regent's Park,2022-09-06,17,,,,,,,
14,Aldgate,2022-08-31,365,Aldgate,533629.0,181246.0,51.5143422574978,-0.0756269123224862,1,EC3N 1AH
15,Aldgate,2022-09-01,353,Aldgate,533629.0,181246.0,51.5143422574978,-0.0756269123224862,1,EC3N 1AH
16,Aldgate,2022-09-02,299,Aldgate,533629.0,181246.0,51.5143422574978,-0.0756269123224862,1,EC3N 1AH
17,Aldgate,2022-09-03,256,Aldgate,533629.0,181246.0,51.5143422574978,-0.0756269123224862,1,EC3N 1AH
18,Aldgate,2022-09-04,284,Aldgate,533629.0,181246.0,51.5143422574978,-0.0756269123224862,1,EC3N 1AH
19,Aldgate,2022-09-05,325,Aldgate,533629.0,181246.0,51.5143422574978,-0.0756269123224862,1,EC3N 1AH
20,Aldgate,2022-09-06,332,Aldgate,533629.0,181246.0,51.5143422574978,-0.0756269123224862,1,EC3N 1AH
21,Angel,2022-08-31,461,Angel,531497.0,183263.0,51.53296784539842,-0.1055814483037889,1,N1 8XB
22,Angel,2022-09-01,431,Angel,531497.0,183263.0,51.53296784539842,-0.1055814483037889,1,N1 8XB
23,Angel,2022-09-02,448,Angel,531497.0,183263.0,51.53296784539842,-0.1055814483037889,1,N1 8XB
24,Angel,2022-09-03,498,Angel,531497.0,183263.0,51.53296784539842,-0.1055814483037889,1,N1 8XB
25,Angel,2022-09-04,461,Angel,531497.0,183263.0,51.53296784539842,-0.1055814483037889,1,N1 8XB
26,Angel,2022-09-05,386,Angel,531497.0,183263.0,51.53296784539842,-0.1055814483037889,1,N1 8XB
27,Angel,2022-09-06,378,Angel,531497.0,183263.0,51.53296784539842,-0.1055814483037889,1,N1 8XB
28,Avondale,2022-08-31,95,,,,,,,
29,Avondale,2022-09-01,81,,,,,,,
30,Avondale,2022-09-02,85,,,,,,,
31,Avondale,2022-09-03,92,,,,,,,
32,Avondale,2022-09-04,93,,,,,,,
33,Avondale,2022-09-05,99,,,,,,,
34,Avondale,2022-09-06,88,,,,,,,
35,Bank,2022-08-31,514,Bank,532704.0,181111.0,51.51334691914183,-0.0890001234943746,1,EC3V 3LA
36,Bank,2022-09-01,533,Bank,532704.0,181111.0,51.51334691914183,-0.0890001234943746,1,EC3V 3LA
37,Bank,2022-09-02,403,Bank,532704.0,181111.0,51.51334691914183,-0.0890001234943746,1,EC3V 3LA
38,Bank,2022-09-03,262,Bank,532704.0,181111.0,51.51334691914183,-0.0890001234943746,1,EC3V 3LA
39,Bank,2022-09-04,207,Bank,532704.0,181111.0,51.51334691914183,-0.0890001234943746,1,EC3V 3LA
40,Bank,2022-09-05,351,Bank,532704.0,181111.0,51.51334691914183,-0.0890001234943746,1,EC3V 3LA
41,Bank,2022-09-06,386,Bank,532704.0,181111.0,51.51334691914183,-0.0890001234943746,1,EC3V 3LA
42,Bankside,2022-08-31,264,,,,,,,
43,Bankside,2022-09-01,302,,,,,,,
44,Bankside,2022-09-02,230,,,,,,,
45,Bankside,2022-09-03,283,,,,,,,
46,Bankside,2022-09-04,247,,,,,,,
47,Bankside,2022-09-05,295,,,,,,,
48,Bankside,2022-09-06,305,,,,,,,
49,Barbican,2022-08-31,238,Barbican,532079.0,181859.0,51.52021512610784,-0.0977215780905022,1,EC1A 4JA
50,Barbican,2022-09-01,243,Barbican,532079.0,181859.0,51.52021512610784,-0.0977215780905022,1,EC1A 4JA
51,Barbican,2022-09-02,219,Barbican,532079.0,181859.0,51.52021512610784,-0.0977215780905022,1,EC1A 4JA
52,Barbican,2022-09-03,161,Barbican,532079.0,181859.0,51.52021512610784,-0.0977215780905022,1,EC1A 4JA
53,Barbican,2022-09-04,147,Barbican,532079.0,181859.0,51.52021512610784,-0.0977215780905022,1,EC1A 4JA
54,Barbican,2022-09-05,217,Barbican,532079.0,181859.0,51.52021512610784,-0.0977215780905022,1,EC1A 4JA
55,Barbican,2022-09-06,241,Barbican,532079.0,181859.0,51.52021512610784,-0.0977215780905022,1,EC1A 4JA
56,Battersea,2022-08-31,565,,,,,,,
57,Battersea,2022-09-01,506,,,,,,,
58,Battersea,2022-09-02,504,,,,,,,
59,Battersea,2022-09-03,448,,,,,,,
60,Battersea,2022-09-04,379,,,,,,,
61,Battersea,2022-09-05,452,,,,,,,
62,Battersea,2022-09-06,454,,,,,,,
63,Battersea Park,2022-08-31,662,Battersea Park,528703.0,176999.0,51.47731808303144,-0.1481237603927114,2,SW8 4NB
64,Battersea Park,2022-09-01,589,Battersea Park,528703.0,176999.0,51.47731808303144,-0.1481237603927114,2,SW8 4NB
65,Battersea Park,2022-09-02,618,Battersea Park,528703.0,176999.0,51.47731808303144,-0.1481237603927114,2,SW8 4NB
66,Battersea Park,2022-09-03,776,Battersea Park,528703.0,176999.0,51.47731808303144,-0.1481237603927114,2,SW8 4NB
67,Battersea Park,2022-09-04,736,Battersea Park,528703.0,176999.0,51.47731808303144,-0.1481237603927114,2,SW8 4NB
68,Battersea Park,2022-09-05,544,Battersea Park,528703.0,176999.0,51.47731808303144,-0.1481237603927114,2,SW8 4NB
69,Battersea Park,2022-09-06,489,Battersea Park,528703.0,176999.0,51.47731808303144,-0.1481237603927114,2,SW8 4NB
70,Bayswater,2022-08-31,432,Bayswater,525845.0,180799.0,51.51211098317958,-0.1879015718782054,1,W2 4QH
71,Bayswater,2022-09-01,366,Bayswater,525845.0,180799.0,51.51211098317958,-0.1879015718782054,1,W2 4QH
72,Bayswater,2022-09-02,408,Bayswater,525845.0,180799.0,51.51211098317958,-0.1879015718782054,1,W2 4QH
73,Bayswater,2022-09-03,439,Bayswater,525845.0,180799.0,51.51211098317958,-0.1879015718782054,1,W2 4QH
74,Bayswater,2022-09-04,454,Bayswater,525845.0,180799.0,51.51211098317958,-0.1879015718782054,1,W2 4QH
75,Bayswater,2022-09-05,372,Bayswater,525845.0,180799.0,51.51211098317958,-0.1879015718782054,1,W2 4QH
76,Bayswater,2022-09-06,397,Bayswater,525845.0,180799.0,51.51211098317958,-0.1879015718782054,1,W2 4QH
77,Belgravia,2022-08-31,174,,,,,,,
78,Belgravia,2022-09-01,149,,,,,,,
79,Belgravia,2022-09-02,122,,,,,,,
80,Belgravia,2022-09-03,152,,,,,,,
81,Belgravia,2022-09-04,93,,,,,,,
82,Belgravia,2022-09-05,142,,,,,,,
83,Belgravia,2022-09-06,138,,,,,,,
84,Bermondsey,2022-08-31,516,Bermondsey,534461.0,179445.0,51.49796067750633,-0.0643300898115236,2,SE16 4RX
85,Bermondsey,2022-09-01,482,Bermondsey,534461.0,179445.0,51.49796067750633,-0.0643300898115236,2,SE16 4RX
86,Bermondsey,2022-09-02,427,Bermondsey,534461.0,179445.0,51.49796067750633,-0.0643300898115236,2,SE16 4RX
87,Bermondsey,2022-09-03,502,Bermondsey,534461.0,179445.0,51.49796067750633,-0.0643300898115236,2,SE16 4RX
88,Bermondsey,2022-09-04,509,Bermondsey,534461.0,179445.0,51.49796067750633,-0.0643300898115236,2,SE16 4RX
89,Bermondsey,2022-09-05,513,Bermondsey,534461.0,179445.0,51.49796067750633,-0.0643300898115236,2,SE16 4RX
90,Bermondsey,2022-09-06,484,Bermondsey,534461.0,179445.0,51.49796067750633,-0.0643300898115236,2,SE16 4RX
91,Bethnal Green,2022-08-31,591,Bethnal Green,534995.0,182712.0,51.52719165312213,-0.055392111450162,2,E2 0ET
92,Bethnal Green,2022-09-01,625,Bethnal Green,534995.0,182712.0,51.52719165312213,-0.055392111450162,2,E2 0ET
93,Bethnal Green,2022-09-02,581,Bethnal Green,534995.0,182712.0,51.52719165312213,-0.055392111450162,2,E2 0ET
94,Bethnal Green,2022-09-03,570,Bethnal Green,534995.0,182712.0,51.52719165312213,-0.055392111450162,2,E2 0ET
95,Bethnal Green,2022-09-04,537,Bethnal Green,534995.0,182712.0,51.52719165312213,-0.055392111450162,2,E2 0ET
96,Bethnal Green,2022-09-05,532,Bethnal Green,534995.0,182712.0,51.52719165312213,-0.055392111450162,2,E2 0ET
97,Bethnal Green,2022-09-06,517,Bethnal Green,534995.0,182712.0,51.52719165312213,-0.055392111450162,2,E2 0ET
98,Blackwall,2022-08-31,63,Blackwall,538394.0,180649.0,51.50783153133504,-0.0072351658776662,2,E14 9QB
99,Blackwall,2022-09-01,51,Blackwall,538394.0,180649.0,51.50783153133504,-0.0072351658776662,2,E14 9QB
100,Blackwall,2022-09-02,54,Blackwall,538394.0,180649.0,51.50783153133504,-0.0072351658776662,2,E14 9QB
101,Blackwall,2022-09-03,66,Blackwall,538394.0,180649.0,51.50783153133504,-0.0072351658776662,2,E14 9QB
102,Blackwall,2022-09-04,93,Blackwall,538394.0,180649.0,51.50783153133504,-0.0072351658776662,2,E14 9QB
103,Blackwall,2022-09-05,51,Blackwall,538394.0,180649.0,51.50783153133504,-0.0072351658776662,2,E14 9QB
104,Blackwall,2022-09-06,59,Blackwall,538394.0,180649.0,51.50783153133504,-0.0072351658776662,2,E14 9QB
105,Bloomsbury,2022-08-31,642,,,,,,,
106,Bloomsbury,2022-09-01,617,,,,,,,
107,Bloomsbury,2022-09-02,648,,,,,,,
108,Bloomsbury,2022-09-03,455,,,,,,,
109,Bloomsbury,2022-09-04,502,,,,,,,
110,Bloomsbury,2022-09-05,650,,,,,,,
111,Bloomsbury,2022-09-06,609,,,,,,,
112,Borough,2022-08-31,84,Borough,532379.0,179734.0,51.50104871772216,-0.0941973226385839,1,SE1 1JX
113,Borough,2022-09-01,68,Borough,532379.0,179734.0,51.50104871772216,-0.0941973226385839,1,SE1 1JX
114,Borough,2022-09-02,87,Borough,532379.0,179734.0,51.50104871772216,-0.0941973226385839,1,SE1 1JX
115,Borough,2022-09-03,61,Borough,532379.0,179734.0,51.50104871772216,-0.0941973226385839,1,SE1 1JX
116,Borough,2022-09-04,65,Borough,532379.0,179734.0,51.50104871772216,-0.0941973226385839,1,SE1 1JX
117,Borough,2022-09-05,78,Borough,532379.0,179734.0,51.50104871772216,-0.0941973226385839,1,SE1 1JX
118,Borough,2022-09-06,78,Borough,532379.0,179734.0,51.50104871772216,-0.0941973226385839,1,SE1 1JX
119,Bow,2022-08-31,396,,,,,,,
120,Bow,2022-09-01,343,,,,,,,
121,Bow,2022-09-02,363,,,,,,,
122,Bow,2022-09-03,379,,,,,,,
123,Bow,2022-09-04,344,,,,,,,
124,Bow,2022-09-05,340,,,,,,,
125,Bow,2022-09-06,309,,,,,,,
126,Brixton,2022-08-31,110,Brixton,531076.0,175437.0,51.46273661697816,-0.1145520968292283,2,SW9 8HE
127,Brixton,2022-09-01,102,Brixton,531076.0,175437.0,51.46273661697816,-0.1145520968292283,2,SW9 8HE
128,Brixton,2022-09-02,123,Brixton,531076.0,175437.0,51.46273661697816,-0.1145520968292283,2,SW9 8HE
129,Brixton,2022-09-03,154,Brixton,531076.0,175437.0,51.46273661697816,-0.1145520968292283,2,SW9 8HE
130,Brixton,2022-09-04,126,Brixton,531076.0,175437.0,51.46273661697816,-0.1145520968292283,2,SW9 8HE
131,Brixton,2022-09-05,107,Brixton,531076.0,175437.0,51.46273661697816,-0.1145520968292283,2,SW9 8HE
132,Brixton,2022-09-06,95,Brixton,531076.0,175437.0,51.46273661697816,-0.1145520968292283,2,SW9 8HE
133,Brook Green,2022-08-31,60,,,,,,,
134,Brook Green,2022-09-01,67,,,,,,,
135,Brook Green,2022-09-02,74,,,,,,,
136,Brook Green,2022-09-03,56,,,,,,,
137,Brook Green,2022-09-04,58,,,,,,,
138,Brook Green,2022-09-05,67,,,,,,,
139,Brook Green,2022-09-06,55,,,,,,,
140,Camden Town,2022-08-31,401,Camden Town,528920.0,183976.0,51.53996912160411,-0.1424523798764894,2,NW1 8NH
141,Camden Town,2022-09-01,353,Camden Town,528920.0,183976.0,51.53996912160411,-0.1424523798764894,2,NW1 8NH
142,Camden Town,2022-09-02,396,Camden Town,528920.0,183976.0,51.53996912160411,-0.1424523798764894,2,NW1 8NH
143,Camden Town,2022-09-03,482,Camden Town,528920.0,183976.0,51.53996912160411,-0.1424523798764894,2,NW1 8NH
144,Camden Town,2022-09-04,376,Camden Town,528920.0,183976.0,51.53996912160411,-0.1424523798764894,2,NW1 8NH
145,Camden Town,2022-09-05,383,Camden Town,528920.0,183976.0,51.53996912160411,-0.1424523798764894,2,NW1 8NH
146,Camden Town,2022-09-06,311,Camden Town,528920.0,183976.0,51.53996912160411,-0.1424523798764894,2,NW1 8NH
147,Canary Wharf,2022-08-31,301,Canary Wharf,537558.0,180153.0,51.50357837512887,-0.0194668401393244,2,E14 4QS
148,Canary Wharf,2022-09-01,301,Canary Wharf,537558.0,180153.0,51.50357837512887,-0.0194668401393244,2,E14 4QS
149,Canary Wharf,2022-09-02,233,Canary Wharf,537558.0,180153.0,51.50357837512887,-0.0194668401393244,2,E14 4QS
150,Canary Wharf,2022-09-03,288,Canary Wharf,537558.0,180153.0,51.50357837512887,-0.0194668401393244,2,E14 4QS
151,Canary Wharf,2022-09-04,405,Canary Wharf,537558.0,180153.0,51.50357837512887,-0.0194668401393244,2,E14 4QS
152,Canary Wharf,2022-09-05,289,Canary Wharf,537558.0,180153.0,51.50357837512887,-0.0194668401393244,2,E14 4QS
153,Canary Wharf,2022-09-06,218,Canary Wharf,537558.0,180153.0,51.50357837512887,-0.0194668401393244,2,E14 4QS
154,Chelsea,2022-08-31,599,,,,,,,
155,Chelsea,2022-09-01,505,,,,,,,
156,Chelsea,2022-09-02,505,,,,,,,
157,Chelsea,2022-09-03,596,,,,,,,
158,Chelsea,2022-09-04,498,,,,,,,
159,Chelsea,2022-09-05,492,,,,,,,
160,Chelsea,2022-09-06,467,,,,,,,
161,Clapham,2022-08-31,103,,,,,,,
162,Clapham,2022-09-01,99,,,,,,,
163,Clapham,2022-09-02,93,,,,,,,
164,Clapham,2022-09-03,85,,,,,,,
165,Clapham,2022-09-04,105,,,,,,,
166,Clapham,2022-09-05,86,,,,,,,
167,Clapham,2022-09-06,74,,,,,,,
168,Clapham Common,2022-08-31,166,Clapham Common,529428.0,175291.0,51.46180344580792,-0.1383149013879234,2,SW4 7AJ
169,Clapham Common,2022-09-01,160,Clapham Common,529428.0,175291.0,51.46180344580792,-0.1383149013879234,2,SW4 7AJ
170,Clapham Common,2022-09-02,173,Clapham Common,529428.0,175291.0,51.46180344580792,-0.1383149013879234,2,SW4 7AJ
171,Clapham Common,2022-09-03,225,Clapham Common,529428.0,175291.0,51.46180344580792,-0.1383149013879234,2,SW4 7AJ
172,Clapham Common,2022-09-04,233,Clapham Common,529428.0,175291.0,51.46180344580792,-0.1383149013879234,2,SW4 7AJ
173,Clapham Common,2022-09-05,127,Clapham Common,529428.0,175291.0,51.46180344580792,-0.1383149013879234,2,SW4 7AJ
174,Clapham Common,2022-09-06,155,Clapham Common,529428.0,175291.0,51.46180344580792,-0.1383149013879234,2,SW4 7AJ
175,Clapham Junction,2022-08-31,400,Clapham Junction,527198.0,175520.0,51.464366507789435,-0.1703150005441662,2,SW11 2QP
176,Clapham Junction,2022-09-01,347,Clapham Junction,527198.0,175520.0,51.464366507789435,-0.1703150005441662,2,SW11 2QP
177,Clapham Junction,2022-09-02,375,Clapham Junction,527198.0,175520.0,51.464366507789435,-0.1703150005441662,2,SW11 2QP
178,Clapham Junction,2022-09-03,393,Clapham Junction,527198.0,175520.0,51.464366507789435,-0.1703150005441662,2,SW11 2QP
179,Clapham Junction,2022-09-04,357,Clapham Junction,527198.0,175520.0,51.464366507789435,-0.1703150005441662,2,SW11 2QP
180,Clapham Junction,2022-09-05,365,Clapham Junction,527198.0,175520.0,51.464366507789435,-0.1703150005441662,2,SW11 2QP
181,Clapham Junction,2022-09-06,351,Clapham Junction,527198.0,175520.0,51.464366507789435,-0.1703150005441662,2,SW11 2QP
182,Clerkenwell,2022-08-31,393,,,,,,,
183,Clerkenwell,2022-09-01,393,,,,,,,
184,Clerkenwell,2022-09-02,332,,,,,,,
185,Clerkenwell,2022-09-03,320,,,,,,,
186,Clerkenwell,2022-09-04,272,,,,,,,
187,Clerkenwell,2022-09-05,360,,,,,,,
188,Clerkenwell,2022-09-06,361,,,,,,,
189,Covent Garden,2022-08-31,350,Covent Garden,530242.0,180982.0,51.51276003353218,-0.1245068937369663,1,WC2E 9JT
190,Covent Garden,2022-09-01,358,Covent Garden,530242.0,180982.0,51.51276003353218,-0.1245068937369663,1,WC2E 9JT
191,Covent Garden,2022-09-02,273,Covent Garden,530242.0,180982.0,51.51276003353218,-0.1245068937369663,1,WC2E 9JT
192,Covent Garden,2022-09-03,340,Covent Garden,530242.0,180982.0,51.51276003353218,-0.1245068937369663,1,WC2E 9JT
193,Covent Garden,2022-09-04,267,Covent Garden,530242.0,180982.0,51.51276003353218,-0.1245068937369663,1,WC2E 9JT
194,Covent Garden,2022-09-05,311,Covent Garden,530242.0,180982.0,51.51276003353218,-0.1245068937369663,1,WC2E 9JT
195,Covent Garden,2022-09-06,275,Covent Garden,530242.0,180982.0,51.51276003353218,-0.1245068937369663,1,WC2E 9JT
196,Cubitt Town,2022-08-31,114,,,,,,,
197,Cubitt Town,2022-09-01,106,,,,,,,
198,Cubitt Town,2022-09-02,126,,,,,,,
199,Cubitt Town,2022-09-03,152,,,,,,,
200,Cubitt Town,2022-09-04,212,,,,,,,
201,Cubitt Town,2022-09-05,114,,,,,,,
202,Cubitt Town,2022-09-06,74,,,,,,,
203,De Beauvoir Town,2022-08-31,46,,,,,,,
204,De Beauvoir Town,2022-09-01,56,,,,,,,
205,De Beauvoir Town,2022-09-02,45,,,,,,,
206,De Beauvoir Town,2022-09-03,51,,,,,,,
207,De Beauvoir Town,2022-09-04,45,,,,,,,
208,De Beauvoir Town,2022-09-05,50,,,,,,,
209,De Beauvoir Town,2022-09-06,45,,,,,,,
210,Earl's Court,2022-08-31,321,,,,,,,
211,Earl's Court,2022-09-01,294,,,,,,,
212,Earl's Court,2022-09-02,326,,,,,,,
213,Earl's Court,2022-09-03,352,,,,,,,
214,Earl's Court,2022-09-04,308,,,,,,,
215,Earl's Court,2022-09-05,285,,,,,,,
216,Earl's Court,2022-09-06,321,,,,,,,
217,East Putney,2022-08-31,20,East Putney,524387.0,174840.0,51.45887944035384,-0.2109982315959417,"2,3",SW15 6SN
218,East Putney,2022-09-01,30,East Putney,524387.0,174840.0,51.45887944035384,-0.2109982315959417,"2,3",SW15 6SN
219,East Putney,2022-09-02,19,East Putney,524387.0,174840.0,51.45887944035384,-0.2109982315959417,"2,3",SW15 6SN
220,East Putney,2022-09-03,35,East Putney,524387.0,174840.0,51.45887944035384,-0.2109982315959417,"2,3",SW15 6SN
221,East Putney,2022-09-04,20,East Putney,524387.0,174840.0,51.45887944035384,-0.2109982315959417,"2,3",SW15 6SN
222,East Putney,2022-09-05,22,East Putney,524387.0,174840.0,51.45887944035384,-0.2109982315959417,"2,3",SW15 6SN
223,East Putney,2022-09-06,27,East Putney,524387.0,174840.0,51.45887944035384,-0.2109982315959417,"2,3",SW15 6SN
224,Elephant & Castle,2022-08-31,270,,,,,,,
225,Elephant & Castle,2022-09-01,228,,,,,,,
226,Elephant & Castle,2022-09-02,211,,,,,,,
227,Elephant & Castle,2022-09-03,214,,,,,,,
228,Elephant & Castle,2022-09-04,240,,,,,,,
229,Elephant & Castle,2022-09-05,224,,,,,,,
230,Elephant & Castle,2022-09-06,227,,,,,,,
231,Euston,2022-08-31,377,Euston,529587.0,182735.0,51.528664114832,-0.1332964708191512,1,NW1 2DU
232,Euston,2022-09-01,327,Euston,529587.0,182735.0,51.528664114832,-0.1332964708191512,1,NW1 2DU
233,Euston,2022-09-02,274,Euston,529587.0,182735.0,51.528664114832,-0.1332964708191512,1,NW1 2DU
234,Euston,2022-09-03,232,Euston,529587.0,182735.0,51.528664114832,-0.1332964708191512,1,NW1 2DU
235,Euston,2022-09-04,219,Euston,529587.0,182735.0,51.528664114832,-0.1332964708191512,1,NW1 2DU
236,Euston,2022-09-05,325,Euston,529587.0,182735.0,51.528664114832,-0.1332964708191512,1,NW1 2DU
237,Euston,2022-09-06,313,Euston,529587.0,182735.0,51.528664114832,-0.1332964708191512,1,NW1 2DU
238,Farringdon,2022-08-31,129,Farringdon,531585.0,181844.0,51.52019551919777,-0.1048430613167642,1,EC1M 6BY
239,Farringdon,2022-09-01,109,Farringdon,531585.0,181844.0,51.52019551919777,-0.1048430613167642,1,EC1M 6BY
240,Farringdon,2022-09-02,92,Farringdon,531585.0,181844.0,51.52019551919777,-0.1048430613167642,1,EC1M 6BY
241,Farringdon,2022-09-03,46,Farringdon,531585.0,181844.0,51.52019551919777,-0.1048430613167642,1,EC1M 6BY
242,Farringdon,2022-09-04,47,Farringdon,531585.0,181844.0,51.52019551919777,-0.1048430613167642,1,EC1M 6BY
243,Farringdon,2022-09-05,82,Farringdon,531585.0,181844.0,51.52019551919777,-0.1048430613167642,1,EC1M 6BY
244,Farringdon,2022-09-06,109,Farringdon,531585.0,181844.0,51.52019551919777,-0.1048430613167642,1,EC1M 6BY
245,Finsbury,2022-08-31,187,,,,,,,
246,Finsbury,2022-09-01,173,,,,,,,
247,Finsbury,2022-09-02,156,,,,,,,
248,Finsbury,2022-09-03,132,,,,,,,
249,Finsbury,2022-09-04,114,,,,,,,
250,Finsbury,2022-09-05,178,,,,,,,
251,Finsbury,2022-09-06,167,,,,,,,
252,Fitzrovia,2022-08-31,419,,,,,,,
253,Fitzrovia,2022-09-01,405,,,,,,,
254,Fitzrovia,2022-09-02,361,,,,,,,
255,Fitzrovia,2022-09-03,272,,,,,,,
256,Fitzrovia,2022-09-04,260,,,,,,,
257,Fitzrovia,2022-09-05,373,,,,,,,
258,Fitzrovia,2022-09-06,397,,,,,,,
259,Fulham,2022-08-31,426,,,,,,,
260,Fulham,2022-09-01,366,,,,,,,
261,Fulham,2022-09-02,414,,,,,,,
262,Fulham,2022-09-03,508,,,,,,,
263,Fulham,2022-09-04,323,,,,,,,
264,Fulham,2022-09-05,339,,,,,,,
265,Fulham,2022-09-06,325,,,,,,,
266,Guildhall,2022-08-31,123,,,,,,,
267,Guildhall,2022-09-01,152,,,,,,,
268,Guildhall,2022-09-02,84,,,,,,,
269,Guildhall,2022-09-03,47,,,,,,,
270,Guildhall,2022-09-04,25,,,,,,,
271,Guildhall,2022-09-05,107,,,,,,,
272,Guildhall,2022-09-06,118,,,,,,,
273,Hackney Central,2022-08-31,267,Hackney Central,534922.0,184943.0,51.54725735659255,-0.0555895118024949,2,E8 1LL
274,Hackney Central,2022-09-01,210,Hackney Central,534922.0,184943.0,51.54725735659255,-0.0555895118024949,2,E8 1LL
275,Hackney Central,2022-09-02,213,Hackney Central,534922.0,184943.0,51.54725735659255,-0.0555895118024949,2,E8 1LL
276,Hackney Central,2022-09-03,292,Hackney Central,534922.0,184943.0,51.54725735659255,-0.0555895118024949,2,E8 1LL
277,Hackney Central,2022-09-04,252,Hackney Central,534922.0,184943.0,51.54725735659255,-0.0555895118024949,2,E8 1LL
278,Hackney Central,2022-09-05,193,Hackney Central,534922.0,184943.0,51.54725735659255,-0.0555895118024949,2,E8 1LL
279,Hackney Central,2022-09-06,209,Hackney Central,534922.0,184943.0,51.54725735659255,-0.0555895118024949,2,E8 1LL
280,Hackney Wick,2022-08-31,53,Hackney Wick,537036.0,184588.0,51.54355836778055,-0.0252595027702908,2,E9 5ER
281,Hackney Wick,2022-09-01,34,Hackney Wick,537036.0,184588.0,51.54355836778055,-0.0252595027702908,2,E9 5ER
282,Hackney Wick,2022-09-02,48,Hackney Wick,537036.0,184588.0,51.54355836778055,-0.0252595027702908,2,E9 5ER
283,Hackney Wick,2022-09-03,76,Hackney Wick,537036.0,184588.0,51.54355836778055,-0.0252595027702908,2,E9 5ER
284,Hackney Wick,2022-09-04,79,Hackney Wick,537036.0,184588.0,51.54355836778055,-0.0252595027702908,2,E9 5ER
285,Hackney Wick,2022-09-05,34,Hackney Wick,537036.0,184588.0,51.54355836778055,-0.0252595027702908,2,E9 5ER
286,Hackney Wick,2022-09-06,48,Hackney Wick,537036.0,184588.0,51.54355836778055,-0.0252595027702908,2,E9 5ER
287,Haggerston,2022-08-31,307,Haggerston,533560.0,183953.0,51.53868460901327,-0.0755952577608923,2,E8 4DY
288,Haggerston,2022-09-01,329,Haggerston,533560.0,183953.0,51.53868460901327,-0.0755952577608923,2,E8 4DY
289,Haggerston,2022-09-02,330,Haggerston,533560.0,183953.0,51.53868460901327,-0.0755952577608923,2,E8 4DY
290,Haggerston,2022-09-03,352,Haggerston,533560.0,183953.0,51.53868460901327,-0.0755952577608923,2,E8 4DY
291,Haggerston,2022-09-04,310,Haggerston,533560.0,183953.0,51.53868460901327,-0.0755952577608923,2,E8 4DY
292,Haggerston,2022-09-05,290,Haggerston,533560.0,183953.0,51.53868460901327,-0.0755952577608923,2,E8 4DY
293,Haggerston,2022-09-06,308,Haggerston,533560.0,183953.0,51.53868460901327,-0.0755952577608923,2,E8 4DY
294,Haggerston ,2022-08-31,116,,,,,,,
295,Haggerston ,2022-09-01,87,,,,,,,
296,Haggerston ,2022-09-02,111,,,,,,,
297,Haggerston ,2022-09-03,221,,,,,,,
298,Haggerston ,2022-09-04,166,,,,,,,
299,Haggerston ,2022-09-05,72,,,,,,,
300,Haggerston ,2022-09-06,86,,,,,,,
301,Hammersmith,2022-08-31,439,,,,,,,
302,Hammersmith,2022-09-01,435,,,,,,,
303,Hammersmith,2022-09-02,388,,,,,,,
304,Hammersmith,2022-09-03,464,,,,,,,
305,Hammersmith,2022-09-04,375,,,,,,,
306,Hammersmith,2022-09-05,414,,,,,,,
307,Hammersmith,2022-09-06,369,,,,,,,
308,Holborn,2022-08-31,932,Holborn,530553.0,181488.0,51.51723554139566,-0.1198405066029367,1,WC2B 6AA
309,Holborn,2022-09-01,933,Holborn,530553.0,181488.0,51.51723554139566,-0.1198405066029367,1,WC2B 6AA
310,Holborn,2022-09-02,723,Holborn,530553.0,181488.0,51.51723554139566,-0.1198405066029367,1,WC2B 6AA
311,Holborn,2022-09-03,504,Holborn,530553.0,181488.0,51.51723554139566,-0.1198405066029367,1,WC2B 6AA
312,Holborn,2022-09-04,399,Holborn,530553.0,181488.0,51.51723554139566,-0.1198405066029367,1,WC2B 6AA
313,Holborn,2022-09-05,781,Holborn,530553.0,181488.0,51.51723554139566,-0.1198405066029367,1,WC2B 6AA
314,Holborn,2022-09-06,801,Holborn,530553.0,181488.0,51.51723554139566,-0.1198405066029367,1,WC2B 6AA
315,Holland Park,2022-08-31,86,Holland Park,524564.0,180215.0,51.50714614814041,-0.2065577754123284,2,W11 3RB
316,Holland Park,2022-09-01,95,Holland Park,524564.0,180215.0,51.50714614814041,-0.2065577754123284,2,W11 3RB
317,Holland Park,2022-09-02,96,Holland Park,524564.0,180215.0,51.50714614814041,-0.2065577754123284,2,W11 3RB
318,Holland Park,2022-09-03,110,Holland Park,524564.0,180215.0,51.50714614814041,-0.2065577754123284,2,W11 3RB
319,Holland Park,2022-09-04,108,Holland Park,524564.0,180215.0,51.50714614814041,-0.2065577754123284,2,W11 3RB
320,Holland Park,2022-09-05,104,Holland Park,524564.0,180215.0,51.50714614814041,-0.2065577754123284,2,W11 3RB
321,Holland Park,2022-09-06,78,Holland Park,524564.0,180215.0,51.50714614814041,-0.2065577754123284,2,W11 3RB
322,Hoxton,2022-08-31,591,Hoxton,533582.0,183142.0,51.53139149136721,-0.0755856468761882,"1,2",E2 8HR
323,Hoxton,2022-09-01,579,Hoxton,533582.0,183142.0,51.53139149136721,-0.0755856468761882,"1,2",E2 8HR
324,Hoxton,2022-09-02,568,Hoxton,533582.0,183142.0,51.53139149136721,-0.0755856468761882,"1,2",E2 8HR
325,Hoxton,2022-09-03,578,Hoxton,533582.0,183142.0,51.53139149136721,-0.0755856468761882,"1,2",E2 8HR
326,Hoxton,2022-09-04,469,Hoxton,533582.0,183142.0,51.53139149136721,-0.0755856468761882,"1,2",E2 8HR
327,Hoxton,2022-09-05,482,Hoxton,533582.0,183142.0,51.53139149136721,-0.0755856468761882,"1,2",E2 8HR
328,Hoxton,2022-09-06,546,Hoxton,533582.0,183142.0,51.53139149136721,-0.0755856468761882,"1,2",E2 8HR
329,Hyde Park,2022-08-31,1163,,,,,,,
330,Hyde Park,2022-09-01,1081,,,,,,,
331,Hyde Park,2022-09-02,1093,,,,,,,
332,Hyde Park,2022-09-03,1338,,,,,,,
333,Hyde Park,2022-09-04,1393,,,,,,,
334,Hyde Park,2022-09-05,908,,,,,,,
335,Hyde Park,2022-09-06,675,,,,,,,
336,"Isley Court, Wandsworth Road",2022-08-31,25,,,,,,,
337,"Isley Court, Wandsworth Road",2022-09-01,34,,,,,,,
338,"Isley Court, Wandsworth Road",2022-09-02,29,,,,,,,
339,"Isley Court, Wandsworth Road",2022-09-03,24,,,,,,,
340,"Isley Court, Wandsworth Road",2022-09-04,28,,,,,,,
341,"Isley Court, Wandsworth Road",2022-09-05,32,,,,,,,
342,"Isley Court, Wandsworth Road",2022-09-06,24,,,,,,,
343,Kennington,2022-08-31,252,Kennington,531660.0,178337.0,51.48866228881571,-0.1050706127740003,2,SE11 4JQ
344,Kennington,2022-09-01,240,Kennington,531660.0,178337.0,51.48866228881571,-0.1050706127740003,2,SE11 4JQ
345,Kennington,2022-09-02,201,Kennington,531660.0,178337.0,51.48866228881571,-0.1050706127740003,2,SE11 4JQ
346,Kennington,2022-09-03,189,Kennington,531660.0,178337.0,51.48866228881571,-0.1050706127740003,2,SE11 4JQ
347,Kennington,2022-09-04,194,Kennington,531660.0,178337.0,51.48866228881571,-0.1050706127740003,2,SE11 4JQ
348,Kennington,2022-09-05,193,Kennington,531660.0,178337.0,51.48866228881571,-0.1050706127740003,2,SE11 4JQ
349,Kennington,2022-09-06,202,Kennington,531660.0,178337.0,51.48866228881571,-0.1050706127740003,2,SE11 4JQ
350,Kensington,2022-08-31,662,,,,,,,
351,Kensington,2022-09-01,561,,,,,,,
352,Kensington,2022-09-02,583,,,,,,,
353,Kensington,2022-09-03,634,,,,,,,
354,Kensington,2022-09-04,600,,,,,,,
355,Kensington,2022-09-05,607,,,,,,,
356,Kensington,2022-09-06,535,,,,,,,
357,Kensington Gardens,2022-08-31,451,,,,,,,
358,Kensington Gardens,2022-09-01,346,,,,,,,
359,Kensington Gardens,2022-09-02,388,,,,,,,
360,Kensington Gardens,2022-09-03,583,,,,,,,
361,Kensington Gardens,2022-09-04,549,,,,,,,
362,Kensington Gardens,2022-09-05,341,,,,,,,
363,Kensington Gardens,2022-09-06,233,,,,,,,
364,King's Cross,2022-08-31,577,King's Cross,530312.0,182991.0,51.53079799248029,-0.1227564205266309,1,N1 9AL
365,King's Cross,2022-09-01,560,King's Cross,530312.0,182991.0,51.53079799248029,-0.1227564205266309,1,N1 9AL
366,King's Cross,2022-09-02,464,King's Cross,530312.0,182991.0,51.53079799248029,-0.1227564205266309,1,N1 9AL
367,King's Cross,2022-09-03,428,King's Cross,530312.0,182991.0,51.53079799248029,-0.1227564205266309,1,N1 9AL
368,King's Cross,2022-09-04,351,King's Cross,530312.0,182991.0,51.53079799248029,-0.1227564205266309,1,N1 9AL
369,King's Cross,2022-09-05,543,King's Cross,530312.0,182991.0,51.53079799248029,-0.1227564205266309,1,N1 9AL
370,King's Cross,2022-09-06,506,King's Cross,530312.0,182991.0,51.53079799248029,-0.1227564205266309,1,N1 9AL
371,Kings Cross,2022-08-31,45,,,,,,,
372,Kings Cross,2022-09-01,45,,,,,,,
373,Kings Cross,2022-09-02,34,,,,,,,
374,Kings Cross,2022-09-03,33,,,,,,,
375,Kings Cross,2022-09-04,34,,,,,,,
376,Kings Cross,2022-09-05,46,,,,,,,
377,Kings Cross,2022-09-06,26,,,,,,,
378,Knightsbridge,2022-08-31,659,Knightsbridge,527765.0,179650.0,51.50135463701893,-0.1606644846228093,1,SW3 1ED
379,Knightsbridge,2022-09-01,612,Knightsbridge,527765.0,179650.0,51.50135463701893,-0.1606644846228093,1,SW3 1ED
380,Knightsbridge,2022-09-02,606,Knightsbridge,527765.0,179650.0,51.50135463701893,-0.1606644846228093,1,SW3 1ED
381,Knightsbridge,2022-09-03,738,Knightsbridge,527765.0,179650.0,51.50135463701893,-0.1606644846228093,1,SW3 1ED
382,Knightsbridge,2022-09-04,587,Knightsbridge,527765.0,179650.0,51.50135463701893,-0.1606644846228093,1,SW3 1ED
383,Knightsbridge,2022-09-05,689,Knightsbridge,527765.0,179650.0,51.50135463701893,-0.1606644846228093,1,SW3 1ED
384,Knightsbridge,2022-09-06,571,Knightsbridge,527765.0,179650.0,51.50135463701893,-0.1606644846228093,1,SW3 1ED
385,Ladbroke Grove,2022-08-31,115,Ladbroke Grove,524284.0,181328.0,51.51721033175281,-0.2101981698917929,2,W10 6HJ
386,Ladbroke Grove,2022-09-01,99,Ladbroke Grove,524284.0,181328.0,51.51721033175281,-0.2101981698917929,2,W10 6HJ
387,Ladbroke Grove,2022-09-02,89,Ladbroke Grove,524284.0,181328.0,51.51721033175281,-0.2101981698917929,2,W10 6HJ
388,Ladbroke Grove,2022-09-03,116,Ladbroke Grove,524284.0,181328.0,51.51721033175281,-0.2101981698917929,2,W10 6HJ
389,Ladbroke Grove,2022-09-04,103,Ladbroke Grove,524284.0,181328.0,51.51721033175281,-0.2101981698917929,2,W10 6HJ
390,Ladbroke Grove,2022-09-05,108,Ladbroke Grove,524284.0,181328.0,51.51721033175281,-0.2101981698917929,2,W10 6HJ
391,Ladbroke Grove,2022-09-06,98,Ladbroke Grove,524284.0,181328.0,51.51721033175281,-0.2101981698917929,2,W10 6HJ
392,Limehouse,2022-08-31,164,Limehouse,536150.0,181087.0,51.51231210167662,-0.0393800776624937,2,E14 7JD
393,Limehouse,2022-09-01,157,Limehouse,536150.0,181087.0,51.51231210167662,-0.0393800776624937,2,E14 7JD
394,Limehouse,2022-09-02,150,Limehouse,536150.0,181087.0,51.51231210167662,-0.0393800776624937,2,E14 7JD
395,Limehouse,2022-09-03,199,Limehouse,536150.0,181087.0,51.51231210167662,-0.0393800776624937,2,E14 7JD
396,Limehouse,2022-09-04,176,Limehouse,536150.0,181087.0,51.51231210167662,-0.0393800776624937,2,E14 7JD
397,Limehouse,2022-09-05,155,Limehouse,536150.0,181087.0,51.51231210167662,-0.0393800776624937,2,E14 7JD
398,Limehouse,2022-09-06,158,Limehouse,536150.0,181087.0,51.51231210167662,-0.0393800776624937,2,E14 7JD
399,"Lingham Street, Stockwell",2022-08-31,25,,,,,,,
400,"Lingham Street, Stockwell",2022-09-01,23,,,,,,,
401,"Lingham Street, Stockwell",2022-09-02,24,,,,,,,
402,"Lingham Street, Stockwell",2022-09-03,16,,,,,,,
403,"Lingham Street, Stockwell",2022-09-04,23,,,,,,,
404,"Lingham Street, Stockwell",2022-09-05,15,,,,,,,
405,"Lingham Street, Stockwell",2022-09-06,16,,,,,,,
406,Liverpool Street,2022-08-31,746,Liverpool Street,533160.0,181596.0,51.51759813225402,-0.0822496218888544,1,EC2M 7PR
407,Liverpool Street,2022-09-01,750,Liverpool Street,533160.0,181596.0,51.51759813225402,-0.0822496218888544,1,EC2M 7PR
408,Liverpool Street,2022-09-02,635,Liverpool Street,533160.0,181596.0,51.51759813225402,-0.0822496218888544,1,EC2M 7PR
409,Liverpool Street,2022-09-03,399,Liverpool Street,533160.0,181596.0,51.51759813225402,-0.0822496218888544,1,EC2M 7PR
410,Liverpool Street,2022-09-04,354,Liverpool Street,533160.0,181596.0,51.51759813225402,-0.0822496218888544,1,EC2M 7PR
411,Liverpool Street,2022-09-05,650,Liverpool Street,533160.0,181596.0,51.51759813225402,-0.0822496218888544,1,EC2M 7PR
412,Liverpool Street,2022-09-06,728,Liverpool Street,533160.0,181596.0,51.51759813225402,-0.0822496218888544,1,EC2M 7PR
413,London Bridge,2022-08-31,229,London Bridge,532937.0,180152.0,51.50467420930433,-0.0860055977481396,1,SE1 2SW
414,London Bridge,2022-09-01,202,London Bridge,532937.0,180152.0,51.50467420930433,-0.0860055977481396,1,SE1 2SW
415,London Bridge,2022-09-02,198,London Bridge,532937.0,180152.0,51.50467420930433,-0.0860055977481396,1,SE1 2SW
416,London Bridge,2022-09-03,153,London Bridge,532937.0,180152.0,51.50467420930433,-0.0860055977481396,1,SE1 2SW
417,London Bridge,2022-09-04,160,London Bridge,532937.0,180152.0,51.50467420930433,-0.0860055977481396,1,SE1 2SW
418,London Bridge,2022-09-05,198,London Bridge,532937.0,180152.0,51.50467420930433,-0.0860055977481396,1,SE1 2SW
419,London Bridge,2022-09-06,215,London Bridge,532937.0,180152.0,51.50467420930433,-0.0860055977481396,1,SE1 2SW
420,Maida Vale,2022-08-31,153,Maida Vale,525967.0,182792.0,51.5299947556212,-0.1854326449358559,2,W9 1JS
421,Maida Vale,2022-09-01,122,Maida Vale,525967.0,182792.0,51.5299947556212,-0.1854326449358559,2,W9 1JS
422,Maida Vale,2022-09-02,160,Maida Vale,525967.0,182792.0,51.5299947556212,-0.1854326449358559,2,W9 1JS
423,Maida Vale,2022-09-03,173,Maida Vale,525967.0,182792.0,51.5299947556212,-0.1854326449358559,2,W9 1JS
424,Maida Vale,2022-09-04,182,Maida Vale,525967.0,182792.0,51.5299947556212,-0.1854326449358559,2,W9 1JS
425,Maida Vale,2022-09-05,128,Maida Vale,525967.0,182792.0,51.5299947556212,-0.1854326449358559,2,W9 1JS
426,Maida Vale,2022-09-06,130,Maida Vale,525967.0,182792.0,51.5299947556212,-0.1854326449358559,2,W9 1JS
427,Marylebone,2022-08-31,1354,Marylebone,527510.0,181985.0,51.52239640326536,-0.1634925623109129,1,NW1 6JJ
428,Marylebone,2022-09-01,1257,Marylebone,527510.0,181985.0,51.52239640326536,-0.1634925623109129,1,NW1 6JJ
429,Marylebone,2022-09-02,1228,Marylebone,527510.0,181985.0,51.52239640326536,-0.1634925623109129,1,NW1 6JJ
430,Marylebone,2022-09-03,1049,Marylebone,527510.0,181985.0,51.52239640326536,-0.1634925623109129,1,NW1 6JJ
431,Marylebone,2022-09-04,1077,Marylebone,527510.0,181985.0,51.52239640326536,-0.1634925623109129,1,NW1 6JJ
432,Marylebone,2022-09-05,1313,Marylebone,527510.0,181985.0,51.52239640326536,-0.1634925623109129,1,NW1 6JJ
433,Marylebone,2022-09-06,1318,Marylebone,527510.0,181985.0,51.52239640326536,-0.1634925623109129,1,NW1 6JJ
434,Mayfair,2022-08-31,677,,,,,,,
435,Mayfair,2022-09-01,652,,,,,,,
436,Mayfair,2022-09-02,678,,,,,,,
437,Mayfair,2022-09-03,645,,,,,,,
438,Mayfair,2022-09-04,597,,,,,,,
439,Mayfair,2022-09-05,586,,,,,,,
440,Mayfair,2022-09-06,633,,,,,,,
441,Mile End,2022-08-31,425,Mile End,536577.0,182545.0,51.525310919564504,-0.0326660842711517,2,E3 4DH
442,Mile End,2022-09-01,365,Mile End,536577.0,182545.0,51.525310919564504,-0.0326660842711517,2,E3 4DH
443,Mile End,2022-09-02,347,Mile End,536577.0,182545.0,51.525310919564504,-0.0326660842711517,2,E3 4DH
444,Mile End,2022-09-03,458,Mile End,536577.0,182545.0,51.525310919564504,-0.0326660842711517,2,E3 4DH
445,Mile End,2022-09-04,400,Mile End,536577.0,182545.0,51.525310919564504,-0.0326660842711517,2,E3 4DH
446,Mile End,2022-09-05,362,Mile End,536577.0,182545.0,51.525310919564504,-0.0326660842711517,2,E3 4DH
447,Mile End,2022-09-06,350,Mile End,536577.0,182545.0,51.525310919564504,-0.0326660842711517,2,E3 4DH
448,Millwall,2022-08-31,89,,,,,,,
449,Millwall,2022-09-01,79,,,,,,,
450,Millwall,2022-09-02,72,,,,,,,
451,Millwall,2022-09-03,103,,,,,,,
452,Millwall,2022-09-04,107,,,,,,,
453,Millwall,2022-09-05,74,,,,,,,
454,Millwall,2022-09-06,68,,,,,,,
455,Monument,2022-08-31,173,Monument,532907.0,180814.0,51.51063027735101,-0.0861883132610571,1,EC4R 9AA
456,Monument,2022-09-01,201,Monument,532907.0,180814.0,51.51063027735101,-0.0861883132610571,1,EC4R 9AA
457,Monument,2022-09-02,191,Monument,532907.0,180814.0,51.51063027735101,-0.0861883132610571,1,EC4R 9AA
458,Monument,2022-09-03,218,Monument,532907.0,180814.0,51.51063027735101,-0.0861883132610571,1,EC4R 9AA
459,Monument,2022-09-04,161,Monument,532907.0,180814.0,51.51063027735101,-0.0861883132610571,1,EC4R 9AA
460,Monument,2022-09-05,158,Monument,532907.0,180814.0,51.51063027735101,-0.0861883132610571,1,EC4R 9AA
461,Monument,2022-09-06,188,Monument,532907.0,180814.0,51.51063027735101,-0.0861883132610571,1,EC4R 9AA
462,Moorgate,2022-08-31,214,Moorgate,532688.0,181677.0,51.51843699583112,-0.0890176874196191,1,EC2M 6TX
463,Moorgate,2022-09-01,224,Moorgate,532688.0,181677.0,51.51843699583112,-0.0890176874196191,1,EC2M 6TX
464,Moorgate,2022-09-02,191,Moorgate,532688.0,181677.0,51.51843699583112,-0.0890176874196191,1,EC2M 6TX
465,Moorgate,2022-09-03,73,Moorgate,532688.0,181677.0,51.51843699583112,-0.0890176874196191,1,EC2M 6TX
466,Moorgate,2022-09-04,70,Moorgate,532688.0,181677.0,51.51843699583112,-0.0890176874196191,1,EC2M 6TX
467,Moorgate,2022-09-05,207,Moorgate,532688.0,181677.0,51.51843699583112,-0.0890176874196191,1,EC2M 6TX
468,Moorgate,2022-09-06,208,Moorgate,532688.0,181677.0,51.51843699583112,-0.0890176874196191,1,EC2M 6TX
469,Nine Elms,2022-08-31,202,Nine Elms,530058.0,177332.0,51.48000104922924,-0.1285009828307203,1,SW8 2NA
470,Nine Elms,2022-09-01,206,Nine Elms,530058.0,177332.0,51.48000104922924,-0.1285009828307203,1,SW8 2NA
471,Nine Elms,2022-09-02,179,Nine Elms,530058.0,177332.0,51.48000104922924,-0.1285009828307203,1,SW8 2NA
472,Nine Elms,2022-09-03,193,Nine Elms,530058.0,177332.0,51.48000104922924,-0.1285009828307203,1,SW8 2NA
473,Nine Elms,2022-09-04,172,Nine Elms,530058.0,177332.0,51.48000104922924,-0.1285009828307203,1,SW8 2NA
474,Nine Elms,2022-09-05,199,Nine Elms,530058.0,177332.0,51.48000104922924,-0.1285009828307203,1,SW8 2NA
475,Nine Elms,2022-09-06,205,Nine Elms,530058.0,177332.0,51.48000104922924,-0.1285009828307203,1,SW8 2NA
476,North Kensington,2022-08-31,55,,,,,,,
477,North Kensington,2022-09-01,81,,,,,,,
478,North Kensington,2022-09-02,85,,,,,,,
479,North Kensington,2022-09-03,85,,,,,,,
480,North Kensington,2022-09-04,56,,,,,,,
481,North Kensington,2022-09-05,60,,,,,,,
482,North Kensington,2022-09-06,59,,,,,,,
483,Notting Hill,2022-08-31,269,,,,,,,
484,Notting Hill,2022-09-01,263,,,,,,,
485,Notting Hill,2022-09-02,259,,,,,,,
486,Notting Hill,2022-09-03,316,,,,,,,
487,Notting Hill,2022-09-04,282,,,,,,,
488,Notting Hill,2022-09-05,262,,,,,,,
489,Notting Hill,2022-09-06,191,,,,,,,
490,Old Ford,2022-08-31,218,,,,,,,
491,Old Ford,2022-09-01,187,,,,,,,
492,Old Ford,2022-09-02,187,,,,,,,
493,Old Ford,2022-09-03,185,,,,,,,
494,Old Ford,2022-09-04,194,,,,,,,
495,Old Ford,2022-09-05,152,,,,,,,
496,Old Ford,2022-09-06,152,,,,,,,
497,Olympia,2022-08-31,140,,,,,,,
498,Olympia,2022-09-01,126,,,,,,,
499,Olympia,2022-09-02,151,,,,,,,
500,Olympia,2022-09-03,136,,,,,,,
501,Olympia,2022-09-04,99,,,,,,,
502,Olympia,2022-09-05,135,,,,,,,
503,Olympia,2022-09-06,141,,,,,,,
504,Oval,2022-08-31,110,Oval,531108.0,177516.0,51.48141241737747,-0.1133210751213317,2,SE11 4PP
505,Oval,2022-09-01,113,Oval,531108.0,177516.0,51.48141241737747,-0.1133210751213317,2,SE11 4PP
506,Oval,2022-09-02,81,Oval,531108.0,177516.0,51.48141241737747,-0.1133210751213317,2,SE11 4PP
507,Oval,2022-09-03,75,Oval,531108.0,177516.0,51.48141241737747,-0.1133210751213317,2,SE11 4PP
508,Oval,2022-09-04,80,Oval,531108.0,177516.0,51.48141241737747,-0.1133210751213317,2,SE11 4PP
509,Oval,2022-09-05,109,Oval,531108.0,177516.0,51.48141241737747,-0.1133210751213317,2,SE11 4PP
510,Oval,2022-09-06,68,Oval,531108.0,177516.0,51.48141241737747,-0.1133210751213317,2,SE11 4PP
511,Paddington,2022-08-31,528,Paddington,526680.0,181185.0,51.51539350022652,-0.1757367502657722,1,W2 1RH
512,Paddington,2022-09-01,478,Paddington,526680.0,181185.0,51.51539350022652,-0.1757367502657722,1,W2 1RH
513,Paddington,2022-09-02,432,Paddington,526680.0,181185.0,51.51539350022652,-0.1757367502657722,1,W2 1RH
514,Paddington,2022-09-03,399,Paddington,526680.0,181185.0,51.51539350022652,-0.1757367502657722,1,W2 1RH
515,Paddington,2022-09-04,366,Paddington,526680.0,181185.0,51.51539350022652,-0.1757367502657722,1,W2 1RH
516,Paddington,2022-09-05,466,Paddington,526680.0,181185.0,51.51539350022652,-0.1757367502657722,1,W2 1RH
517,Paddington,2022-09-06,435,Paddington,526680.0,181185.0,51.51539350022652,-0.1757367502657722,1,W2 1RH
518,Parson's Green,2022-08-31,64,,,,,,,
519,Parson's Green,2022-09-01,52,,,,,,,
520,Parson's Green,2022-09-02,54,,,,,,,
521,Parson's Green,2022-09-03,74,,,,,,,
522,Parson's Green,2022-09-04,57,,,,,,,
523,Parson's Green,2022-09-05,55,,,,,,,
524,Parson's Green,2022-09-06,41,,,,,,,
525,Parsons Green,2022-08-31,117,Parsons Green,525029.0,176645.0,51.47495982565945,-0.2011244900122527,2,SW6 4HU
526,Parsons Green,2022-09-01,120,Parsons Green,525029.0,176645.0,51.47495982565945,-0.2011244900122527,2,SW6 4HU
527,Parsons Green,2022-09-02,110,Parsons Green,525029.0,176645.0,51.47495982565945,-0.2011244900122527,2,SW6 4HU
528,Parsons Green,2022-09-03,108,Parsons Green,525029.0,176645.0,51.47495982565945,-0.2011244900122527,2,SW6 4HU
529,Parsons Green,2022-09-04,104,Parsons Green,525029.0,176645.0,51.47495982565945,-0.2011244900122527,2,SW6 4HU
530,Parsons Green,2022-09-05,126,Parsons Green,525029.0,176645.0,51.47495982565945,-0.2011244900122527,2,SW6 4HU
531,Parsons Green,2022-09-06,126,Parsons Green,525029.0,176645.0,51.47495982565945,-0.2011244900122527,2,SW6 4HU
532,Pimlico,2022-08-31,536,Pimlico,529711.0,178386.0,51.48955264664939,-0.1331082573913848,1,SW1V 2JA
533,Pimlico,2022-09-01,510,Pimlico,529711.0,178386.0,51.48955264664939,-0.1331082573913848,1,SW1V 2JA
534,Pimlico,2022-09-02,533,Pimlico,529711.0,178386.0,51.48955264664939,-0.1331082573913848,1,SW1V 2JA
535,Pimlico,2022-09-03,604,Pimlico,529711.0,178386.0,51.48955264664939,-0.1331082573913848,1,SW1V 2JA
536,Pimlico,2022-09-04,513,Pimlico,529711.0,178386.0,51.48955264664939,-0.1331082573913848,1,SW1V 2JA
537,Pimlico,2022-09-05,521,Pimlico,529711.0,178386.0,51.48955264664939,-0.1331082573913848,1,SW1V 2JA
538,Pimlico,2022-09-06,495,Pimlico,529711.0,178386.0,51.48955264664939,-0.1331082573913848,1,SW1V 2JA
539,Poplar,2022-08-31,150,Poplar,537698.0,180603.0,51.507588044837625,-0.0172754932925174,2,E14 0DS
540,Poplar,2022-09-01,150,Poplar,537698.0,180603.0,51.507588044837625,-0.0172754932925174,2,E14 0DS
541,Poplar,2022-09-02,105,Poplar,537698.0,180603.0,51.507588044837625,-0.0172754932925174,2,E14 0DS
542,Poplar,2022-09-03,136,Poplar,537698.0,180603.0,51.507588044837625,-0.0172754932925174,2,E14 0DS
543,Poplar,2022-09-04,155,Poplar,537698.0,180603.0,51.507588044837625,-0.0172754932925174,2,E14 0DS
544,Poplar,2022-09-05,110,Poplar,537698.0,180603.0,51.507588044837625,-0.0172754932925174,2,E14 0DS
545,Poplar,2022-09-06,134,Poplar,537698.0,180603.0,51.507588044837625,-0.0172754932925174,2,E14 0DS
546,Portobello,2022-08-31,119,,,,,,,
547,Portobello,2022-09-01,123,,,,,,,
548,Portobello,2022-09-02,137,,,,,,,
549,Portobello,2022-09-03,154,,,,,,,
550,Portobello,2022-09-04,131,,,,,,,
551,Portobello,2022-09-05,134,,,,,,,
552,Portobello,2022-09-06,113,,,,,,,
553,Putney,2022-08-31,90,Putney,523992.0,175061.0,51.46095217815324,-0.2166033707924624,"2,3",SW15 1RT
554,Putney,2022-09-01,102,Putney,523992.0,175061.0,51.46095217815324,-0.2166033707924624,"2,3",SW15 1RT
555,Putney,2022-09-02,117,Putney,523992.0,175061.0,51.46095217815324,-0.2166033707924624,"2,3",SW15 1RT
556,Putney,2022-09-03,143,Putney,523992.0,175061.0,51.46095217815324,-0.2166033707924624,"2,3",SW15 1RT
557,Putney,2022-09-04,117,Putney,523992.0,175061.0,51.46095217815324,-0.2166033707924624,"2,3",SW15 1RT
558,Putney,2022-09-05,85,Putney,523992.0,175061.0,51.46095217815324,-0.2166033707924624,"2,3",SW15 1RT
559,Putney,2022-09-06,99,Putney,523992.0,175061.0,51.46095217815324,-0.2166033707924624,"2,3",SW15 1RT
560,Queen Elizabeth Olympic Park,2022-08-31,358,,,,,,,
561,Queen Elizabeth Olympic Park,2022-09-01,324,,,,,,,
562,Queen Elizabeth Olympic Park,2022-09-02,422,,,,,,,
563,Queen Elizabeth Olympic Park,2022-09-03,699,,,,,,,
564,Queen Elizabeth Olympic Park,2022-09-04,521,,,,,,,
565,Queen Elizabeth Olympic Park,2022-09-05,321,,,,,,,
566,Queen Elizabeth Olympic Park,2022-09-06,193,,,,,,,
567,Rotherhithe,2022-08-31,86,Rotherhithe,535239.0,179870.0,51.50159442070272,-0.0529662962549398,2,SE16 4LF
568,Rotherhithe,2022-09-01,57,Rotherhithe,535239.0,179870.0,51.50159442070272,-0.0529662962549398,2,SE16 4LF
569,Rotherhithe,2022-09-02,76,Rotherhithe,535239.0,179870.0,51.50159442070272,-0.0529662962549398,2,SE16 4LF
570,Rotherhithe,2022-09-03,96,Rotherhithe,535239.0,179870.0,51.50159442070272,-0.0529662962549398,2,SE16 4LF
571,Rotherhithe,2022-09-04,69,Rotherhithe,535239.0,179870.0,51.50159442070272,-0.0529662962549398,2,SE16 4LF
572,Rotherhithe,2022-09-05,63,Rotherhithe,535239.0,179870.0,51.50159442070272,-0.0529662962549398,2,SE16 4LF
573,Rotherhithe,2022-09-06,51,Rotherhithe,535239.0,179870.0,51.50159442070272,-0.0529662962549398,2,SE16 4LF
574,Sands End,2022-08-31,253,,,,,,,
575,Sands End,2022-09-01,275,,,,,,,
576,Sands End,2022-09-02,269,,,,,,,
577,Sands End,2022-09-03,257,,,,,,,
578,Sands End,2022-09-04,225,,,,,,,
579,Sands End,2022-09-05,256,,,,,,,
580,Sands End,2022-09-06,224,,,,,,,
581,Shad Thames,2022-08-31,58,,,,,,,
582,Shad Thames,2022-09-01,64,,,,,,,
583,Shad Thames,2022-09-02,67,,,,,,,
584,Shad Thames,2022-09-03,51,,,,,,,
585,Shad Thames,2022-09-04,67,,,,,,,
586,Shad Thames,2022-09-05,45,,,,,,,
587,Shad Thames,2022-09-06,60,,,,,,,
588,Shadwell,2022-08-31,224,Shadwell,534936.0,180942.0,51.511300064669385,-0.0569192069418581,2,E1 2QE
589,Shadwell,2022-09-01,206,Shadwell,534936.0,180942.0,51.511300064669385,-0.0569192069418581,2,E1 2QE
590,Shadwell,2022-09-02,191,Shadwell,534936.0,180942.0,51.511300064669385,-0.0569192069418581,2,E1 2QE
591,Shadwell,2022-09-03,212,Shadwell,534936.0,180942.0,51.511300064669385,-0.0569192069418581,2,E1 2QE
592,Shadwell,2022-09-04,179,Shadwell,534936.0,180942.0,51.511300064669385,-0.0569192069418581,2,E1 2QE
593,Shadwell,2022-09-05,208,Shadwell,534936.0,180942.0,51.511300064669385,-0.0569192069418581,2,E1 2QE
594,Shadwell,2022-09-06,177,Shadwell,534936.0,180942.0,51.511300064669385,-0.0569192069418581,2,E1 2QE
595,Shepherd's Bush,2022-08-31,182,,,,,,,
596,Shepherd's Bush,2022-09-01,140,,,,,,,
597,Shepherd's Bush,2022-09-02,157,,,,,,,
598,Shepherd's Bush,2022-09-03,212,,,,,,,
599,Shepherd's Bush,2022-09-04,173,,,,,,,
600,Shepherd's Bush,2022-09-05,137,,,,,,,
601,Shepherd's Bush,2022-09-06,140,,,,,,,
602,Shoreditch,2022-08-31,823,,,,,,,
603,Shoreditch,2022-09-01,736,,,,,,,
604,Shoreditch,2022-09-02,669,,,,,,,
605,Shoreditch,2022-09-03,681,,,,,,,
606,Shoreditch,2022-09-04,683,,,,,,,
607,Shoreditch,2022-09-05,632,,,,,,,
608,Shoreditch,2022-09-06,705,,,,,,,
609,Sloane Square,2022-08-31,65,Sloane Square,528080.0,178657.0,51.492359510480554,-0.1564888560570236,1,SW1W 8BB
610,Sloane Square,2022-09-01,67,Sloane Square,528080.0,178657.0,51.492359510480554,-0.1564888560570236,1,SW1W 8BB
611,Sloane Square,2022-09-02,103,Sloane Square,528080.0,178657.0,51.492359510480554,-0.1564888560570236,1,SW1W 8BB
612,Sloane Square,2022-09-03,72,Sloane Square,528080.0,178657.0,51.492359510480554,-0.1564888560570236,1,SW1W 8BB
613,Sloane Square,2022-09-04,74,Sloane Square,528080.0,178657.0,51.492359510480554,-0.1564888560570236,1,SW1W 8BB
614,Sloane Square,2022-09-05,79,Sloane Square,528080.0,178657.0,51.492359510480554,-0.1564888560570236,1,SW1W 8BB
615,Sloane Square,2022-09-06,69,Sloane Square,528080.0,178657.0,51.492359510480554,-0.1564888560570236,1,SW1W 8BB
616,Soho,2022-08-31,526,,,,,,,
617,Soho,2022-09-01,541,,,,,,,
618,Soho,2022-09-02,509,,,,,,,
619,Soho,2022-09-03,650,,,,,,,
620,Soho,2022-09-04,526,,,,,,,
621,Soho,2022-09-05,509,,,,,,,
622,Soho,2022-09-06,384,,,,,,,
623,Somers Town,2022-08-31,126,,,,,,,
624,Somers Town,2022-09-01,114,,,,,,,
625,Somers Town,2022-09-02,111,,,,,,,
626,Somers Town,2022-09-03,63,,,,,,,
627,Somers Town,2022-09-04,66,,,,,,,
628,Somers Town,2022-09-05,112,,,,,,,
629,Somers Town,2022-09-06,100,,,,,,,
630,South Bank,2022-08-31,545,,,,,,,
631,South Bank,2022-09-01,460,,,,,,,
632,South Bank,2022-09-02,336,,,,,,,
633,South Bank,2022-09-03,379,,,,,,,
634,South Bank,2022-09-04,371,,,,,,,
635,South Bank,2022-09-05,433,,,,,,,
636,South Bank,2022-09-06,433,,,,,,,
637,South Kensington,2022-08-31,600,South Kensington,526865.0,178817.0,51.494071083255236,-0.1739230213376395,1,SW7 2NB
638,South Kensington,2022-09-01,539,South Kensington,526865.0,178817.0,51.494071083255236,-0.1739230213376395,1,SW7 2NB
639,South Kensington,2022-09-02,582,South Kensington,526865.0,178817.0,51.494071083255236,-0.1739230213376395,1,SW7 2NB
640,South Kensington,2022-09-03,647,South Kensington,526865.0,178817.0,51.494071083255236,-0.1739230213376395,1,SW7 2NB
641,South Kensington,2022-09-04,575,South Kensington,526865.0,178817.0,51.494071083255236,-0.1739230213376395,1,SW7 2NB
642,South Kensington,2022-09-05,561,South Kensington,526865.0,178817.0,51.494071083255236,-0.1739230213376395,1,SW7 2NB
643,South Kensington,2022-09-06,501,South Kensington,526865.0,178817.0,51.494071083255236,-0.1739230213376395,1,SW7 2NB
644,Southwark,2022-08-31,190,Southwark,531566.0,180025.0,51.50385344972166,-0.1057949389250921,1,SE1 8NW
645,Southwark,2022-09-01,199,Southwark,531566.0,180025.0,51.50385344972166,-0.1057949389250921,1,SE1 8NW
646,Southwark,2022-09-02,163,Southwark,531566.0,180025.0,51.50385344972166,-0.1057949389250921,1,SE1 8NW
647,Southwark,2022-09-03,154,Southwark,531566.0,180025.0,51.50385344972166,-0.1057949389250921,1,SE1 8NW
648,Southwark,2022-09-04,100,Southwark,531566.0,180025.0,51.50385344972166,-0.1057949389250921,1,SE1 8NW
649,Southwark,2022-09-05,169,Southwark,531566.0,180025.0,51.50385344972166,-0.1057949389250921,1,SE1 8NW
650,Southwark,2022-09-06,193,Southwark,531566.0,180025.0,51.50385344972166,-0.1057949389250921,1,SE1 8NW
651,St Lukes,2022-08-31,57,,,,,,,
652,St Lukes,2022-09-01,64,,,,,,,
653,St Lukes,2022-09-02,82,,,,,,,
654,St Lukes,2022-09-03,55,,,,,,,
655,St Lukes,2022-09-04,53,,,,,,,
656,St Lukes,2022-09-05,66,,,,,,,
657,St Lukes,2022-09-06,79,,,,,,,
658,St Pauls,2022-08-31,24,,,,,,,
659,St Pauls,2022-09-01,24,,,,,,,
660,St Pauls,2022-09-02,27,,,,,,,
661,St Pauls,2022-09-03,11,,,,,,,
662,St Pauls,2022-09-04,11,,,,,,,
663,St Pauls,2022-09-05,31,,,,,,,
664,St Pauls,2022-09-06,32,,,,,,,
665,St. James's,2022-08-31,199,,,,,,,
666,St. James's,2022-09-01,217,,,,,,,
667,St. James's,2022-09-02,154,,,,,,,
668,St. James's,2022-09-03,141,,,,,,,
669,St. James's,2022-09-04,71,,,,,,,
670,St. James's,2022-09-05,148,,,,,,,
671,St. James's,2022-09-06,152,,,,,,,
672,St. John's Wood,2022-08-31,187,,,,,,,
673,St. John's Wood,2022-09-01,176,,,,,,,
674,St. John's Wood,2022-09-02,184,,,,,,,
675,St. John's Wood,2022-09-03,210,,,,,,,
676,St. John's Wood,2022-09-04,171,,,,,,,
677,St. John's Wood,2022-09-05,180,,,,,,,
678,St. John's Wood,2022-09-06,151,,,,,,,
679,St. Luke's,2022-08-31,353,,,,,,,
680,St. Luke's,2022-09-01,332,,,,,,,
681,St. Luke's,2022-09-02,296,,,,,,,
682,St. Luke's,2022-09-03,305,,,,,,,
683,St. Luke's,2022-09-04,259,,,,,,,
684,St. Luke's,2022-09-05,327,,,,,,,
685,St. Luke's,2022-09-06,340,,,,,,,
686,St. Paul's,2022-08-31,304,,,,,,,
687,St. Paul's,2022-09-01,312,,,,,,,
688,St. Paul's,2022-09-02,273,,,,,,,
689,St. Paul's,2022-09-03,226,,,,,,,
690,St. Paul's,2022-09-04,194,,,,,,,
691,St. Paul's,2022-09-05,239,,,,,,,
692,St. Paul's,2022-09-06,250,,,,,,,
693,St.John's Wood,2022-08-31,4,,,,,,,
694,St.John's Wood,2022-09-01,22,,,,,,,
695,St.John's Wood,2022-09-02,19,,,,,,,
696,St.John's Wood,2022-09-03,11,,,,,,,
697,St.John's Wood,2022-09-04,24,,,,,,,
698,St.John's Wood,2022-09-05,15,,,,,,,
699,St.John's Wood,2022-09-06,15,,,,,,,
700,Stepney,2022-08-31,499,,,,,,,
701,Stepney,2022-09-01,426,,,,,,,
702,Stepney,2022-09-02,441,,,,,,,
703,Stepney,2022-09-03,487,,,,,,,
704,Stepney,2022-09-04,414,,,,,,,
705,Stepney,2022-09-05,440,,,,,,,
706,Stepney,2022-09-06,383,,,,,,,
707,Stockwell,2022-08-31,435,Stockwell,530473.0,176470.0,51.47215905711563,-0.122846303356526,2,SW9 9AE
708,Stockwell,2022-09-01,422,Stockwell,530473.0,176470.0,51.47215905711563,-0.122846303356526,2,SW9 9AE
709,Stockwell,2022-09-02,407,Stockwell,530473.0,176470.0,51.47215905711563,-0.122846303356526,2,SW9 9AE
710,Stockwell,2022-09-03,395,Stockwell,530473.0,176470.0,51.47215905711563,-0.122846303356526,2,SW9 9AE
711,Stockwell,2022-09-04,299,Stockwell,530473.0,176470.0,51.47215905711563,-0.122846303356526,2,SW9 9AE
712,Stockwell,2022-09-05,355,Stockwell,530473.0,176470.0,51.47215905711563,-0.122846303356526,2,SW9 9AE
713,Stockwell,2022-09-06,354,Stockwell,530473.0,176470.0,51.47215905711563,-0.122846303356526,2,SW9 9AE
714,Strand,2022-08-31,730,,,,,,,
715,Strand,2022-09-01,755,,,,,,,
716,Strand,2022-09-02,726,,,,,,,
717,Strand,2022-09-03,838,,,,,,,
718,Strand,2022-09-04,678,,,,,,,
719,Strand,2022-09-05,728,,,,,,,
720,Strand,2022-09-06,649,,,,,,,
721,Stratford,2022-08-31,41,Stratford,538533.0,184421.0,51.54169257587399,-0.0037516410271907,3,E15 1AZ
722,Stratford,2022-09-01,37,Stratford,538533.0,184421.0,51.54169257587399,-0.0037516410271907,3,E15 1AZ
723,Stratford,2022-09-02,36,Stratford,538533.0,184421.0,51.54169257587399,-0.0037516410271907,3,E15 1AZ
724,Stratford,2022-09-03,57,Stratford,538533.0,184421.0,51.54169257587399,-0.0037516410271907,3,E15 1AZ
725,Stratford,2022-09-04,52,Stratford,538533.0,184421.0,51.54169257587399,-0.0037516410271907,3,E15 1AZ
726,Stratford,2022-09-05,35,Stratford,538533.0,184421.0,51.54169257587399,-0.0037516410271907,3,E15 1AZ
727,Stratford,2022-09-06,35,Stratford,538533.0,184421.0,51.54169257587399,-0.0037516410271907,3,E15 1AZ
728,Temple,2022-08-31,179,Temple,530995.0,180810.0,51.51104042360467,-0.1137257495312543,1,WC2R 2PH
729,Temple,2022-09-01,182,Temple,530995.0,180810.0,51.51104042360467,-0.1137257495312543,1,WC2R 2PH
730,Temple,2022-09-02,186,Temple,530995.0,180810.0,51.51104042360467,-0.1137257495312543,1,WC2R 2PH
731,Temple,2022-09-03,144,Temple,530995.0,180810.0,51.51104042360467,-0.1137257495312543,1,WC2R 2PH
732,Temple,2022-09-04,141,Temple,530995.0,180810.0,51.51104042360467,-0.1137257495312543,1,WC2R 2PH
733,Temple,2022-09-05,161,Temple,530995.0,180810.0,51.51104042360467,-0.1137257495312543,1,WC2R 2PH
734,Temple,2022-09-06,165,Temple,530995.0,180810.0,51.51104042360467,-0.1137257495312543,1,WC2R 2PH
735,The Borough,2022-08-31,468,,,,,,,
736,The Borough,2022-09-01,516,,,,,,,
737,The Borough,2022-09-02,449,,,,,,,
738,The Borough,2022-09-03,510,,,,,,,
739,The Borough,2022-09-04,387,,,,,,,
740,The Borough,2022-09-05,429,,,,,,,
741,The Borough,2022-09-06,446,,,,,,,
742,The Regent's Park,2022-08-31,363,,,,,,,
743,The Regent's Park,2022-09-01,301,,,,,,,
744,The Regent's Park,2022-09-02,338,,,,,,,
745,The Regent's Park,2022-09-03,396,,,,,,,
746,The Regent's Park,2022-09-04,338,,,,,,,
747,The Regent's Park,2022-09-05,281,,,,,,,
748,The Regent's Park,2022-09-06,221,,,,,,,
749,Tower,2022-08-31,286,,,,,,,
750,Tower,2022-09-01,262,,,,,,,
751,Tower,2022-09-02,176,,,,,,,
752,Tower,2022-09-03,285,,,,,,,
753,Tower,2022-09-04,241,,,,,,,
754,Tower,2022-09-05,275,,,,,,,
755,Tower,2022-09-06,219,,,,,,,
756,Vauxhall,2022-08-31,753,Vauxhall,530366.0,177978.0,51.48573560145266,-0.1238299519704192,"1,2",SW8 1SR
757,Vauxhall,2022-09-01,717,Vauxhall,530366.0,177978.0,51.48573560145266,-0.1238299519704192,"1,2",SW8 1SR
758,Vauxhall,2022-09-02,667,Vauxhall,530366.0,177978.0,51.48573560145266,-0.1238299519704192,"1,2",SW8 1SR
759,Vauxhall,2022-09-03,705,Vauxhall,530366.0,177978.0,51.48573560145266,-0.1238299519704192,"1,2",SW8 1SR
760,Vauxhall,2022-09-04,588,Vauxhall,530366.0,177978.0,51.48573560145266,-0.1238299519704192,"1,2",SW8 1SR
761,Vauxhall,2022-09-05,687,Vauxhall,530366.0,177978.0,51.48573560145266,-0.1238299519704192,"1,2",SW8 1SR
762,Vauxhall,2022-09-06,687,Vauxhall,530366.0,177978.0,51.48573560145266,-0.1238299519704192,"1,2",SW8 1SR
763,Victoria,2022-08-31,524,Victoria,528941.0,179131.0,51.49642371956767,-0.1439207051263039,1,SW1E 5JX
764,Victoria,2022-09-01,504,Victoria,528941.0,179131.0,51.49642371956767,-0.1439207051263039,1,SW1E 5JX
765,Victoria,2022-09-02,414,Victoria,528941.0,179131.0,51.49642371956767,-0.1439207051263039,1,SW1E 5JX
766,Victoria,2022-09-03,410,Victoria,528941.0,179131.0,51.49642371956767,-0.1439207051263039,1,SW1E 5JX
767,Victoria,2022-09-04,403,Victoria,528941.0,179131.0,51.49642371956767,-0.1439207051263039,1,SW1E 5JX
768,Victoria,2022-09-05,537,Victoria,528941.0,179131.0,51.49642371956767,-0.1439207051263039,1,SW1E 5JX
769,Victoria,2022-09-06,544,Victoria,528941.0,179131.0,51.49642371956767,-0.1439207051263039,1,SW1E 5JX
770,Victoria Park,2022-08-31,185,,,,,,,
771,Victoria Park,2022-09-01,144,,,,,,,
772,Victoria Park,2022-09-02,138,,,,,,,
773,Victoria Park,2022-09-03,210,,,,,,,
774,Victoria Park,2022-09-04,233,,,,,,,
775,Victoria Park,2022-09-05,128,,,,,,,
776,Victoria Park,2022-09-06,101,,,,,,,
777,Walham Green,2022-08-31,243,,,,,,,
778,Walham Green,2022-09-01,242,,,,,,,
779,Walham Green,2022-09-02,259,,,,,,,
780,Walham Green,2022-09-03,340,,,,,,,
781,Walham Green,2022-09-04,213,,,,,,,
782,Walham Green,2022-09-05,200,,,,,,,
783,Walham Green,2022-09-06,227,,,,,,,
784,Walworth,2022-08-31,250,,,,,,,
785,Walworth,2022-09-01,232,,,,,,,
786,Walworth,2022-09-02,221,,,,,,,
787,Walworth,2022-09-03,244,,,,,,,
788,Walworth,2022-09-04,250,,,,,,,
789,Walworth,2022-09-05,221,,,,,,,
790,Walworth,2022-09-06,187,,,,,,,
791,Wandsworth,2022-08-31,304,,,,,,,
792,Wandsworth,2022-09-01,272,,,,,,,
793,Wandsworth,2022-09-02,307,,,,,,,
794,Wandsworth,2022-09-03,315,,,,,,,
795,Wandsworth,2022-09-04,304,,,,,,,
796,Wandsworth,2022-09-05,256,,,,,,,
797,Wandsworth,2022-09-06,237,,,,,,,
798,Wandsworth Common,2022-08-31,9,Wandsworth Common,527719.0,173530.0,51.44636533894144,-0.1635369794154477,3,SW12 8NL
799,Wandsworth Common,2022-09-01,15,Wandsworth Common,527719.0,173530.0,51.44636533894144,-0.1635369794154477,3,SW12 8NL
800,Wandsworth Common,2022-09-02,10,Wandsworth Common,527719.0,173530.0,51.44636533894144,-0.1635369794154477,3,SW12 8NL
801,Wandsworth Common,2022-09-03,18,Wandsworth Common,527719.0,173530.0,51.44636533894144,-0.1635369794154477,3,SW12 8NL
802,Wandsworth Common,2022-09-04,13,Wandsworth Common,527719.0,173530.0,51.44636533894144,-0.1635369794154477,3,SW12 8NL
803,Wandsworth Common,2022-09-05,11,Wandsworth Common,527719.0,173530.0,51.44636533894144,-0.1635369794154477,3,SW12 8NL
804,Wandsworth Common,2022-09-06,12,Wandsworth Common,527719.0,173530.0,51.44636533894144,-0.1635369794154477,3,SW12 8NL
805,Wandsworth Road,2022-08-31,98,Wandsworth Road,529354.0,176226.0,51.47022297701061,-0.1390376746285153,2,SW8 4PA
806,Wandsworth Road,2022-09-01,91,Wandsworth Road,529354.0,176226.0,51.47022297701061,-0.1390376746285153,2,SW8 4PA
807,Wandsworth Road,2022-09-02,98,Wandsworth Road,529354.0,176226.0,51.47022297701061,-0.1390376746285153,2,SW8 4PA
808,Wandsworth Road,2022-09-03,86,Wandsworth Road,529354.0,176226.0,51.47022297701061,-0.1390376746285153,2,SW8 4PA
809,Wandsworth Road,2022-09-04,75,Wandsworth Road,529354.0,176226.0,51.47022297701061,-0.1390376746285153,2,SW8 4PA
810,Wandsworth Road,2022-09-05,82,Wandsworth Road,529354.0,176226.0,51.47022297701061,-0.1390376746285153,2,SW8 4PA
811,Wandsworth Road,2022-09-06,103,Wandsworth Road,529354.0,176226.0,51.47022297701061,-0.1390376746285153,2,SW8 4PA
812,Wapping,2022-08-31,334,Wapping,535030.0,180170.0,51.50434022750495,-0.0558608143552396,2,E1W 3PA
813,Wapping,2022-09-01,327,Wapping,535030.0,180170.0,51.50434022750495,-0.0558608143552396,2,E1W 3PA
814,Wapping,2022-09-02,280,Wapping,535030.0,180170.0,51.50434022750495,-0.0558608143552396,2,E1W 3PA
815,Wapping,2022-09-03,338,Wapping,535030.0,180170.0,51.50434022750495,-0.0558608143552396,2,E1W 3PA
816,Wapping,2022-09-04,327,Wapping,535030.0,180170.0,51.50434022750495,-0.0558608143552396,2,E1W 3PA
817,Wapping,2022-09-05,280,Wapping,535030.0,180170.0,51.50434022750495,-0.0558608143552396,2,E1W 3PA
818,Wapping,2022-09-06,297,Wapping,535030.0,180170.0,51.50434022750495,-0.0558608143552396,2,E1W 3PA
819,Waterloo,2022-08-31,907,Waterloo,531050.0,179933.0,51.50314645678346,-0.1132592512581959,1,SE1 7NY
820,Waterloo,2022-09-01,900,Waterloo,531050.0,179933.0,51.50314645678346,-0.1132592512581959,1,SE1 7NY
821,Waterloo,2022-09-02,704,Waterloo,531050.0,179933.0,51.50314645678346,-0.1132592512581959,1,SE1 7NY
822,Waterloo,2022-09-03,494,Waterloo,531050.0,179933.0,51.50314645678346,-0.1132592512581959,1,SE1 7NY
823,Waterloo,2022-09-04,445,Waterloo,531050.0,179933.0,51.50314645678346,-0.1132592512581959,1,SE1 7NY
824,Waterloo,2022-09-05,726,Waterloo,531050.0,179933.0,51.50314645678346,-0.1132592512581959,1,SE1 7NY
825,Waterloo,2022-09-06,862,Waterloo,531050.0,179933.0,51.50314645678346,-0.1132592512581959,1,SE1 7NY
826,West Brompton,2022-08-31,120,West Brompton,525383.0,178030.0,51.48732859696135,-0.1955388096704278,2,SW5 9JX
827,West Brompton,2022-09-01,98,West Brompton,525383.0,178030.0,51.48732859696135,-0.1955388096704278,2,SW5 9JX
828,West Brompton,2022-09-02,107,West Brompton,525383.0,178030.0,51.48732859696135,-0.1955388096704278,2,SW5 9JX
829,West Brompton,2022-09-03,163,West Brompton,525383.0,178030.0,51.48732859696135,-0.1955388096704278,2,SW5 9JX
830,West Brompton,2022-09-04,87,West Brompton,525383.0,178030.0,51.48732859696135,-0.1955388096704278,2,SW5 9JX
831,West Brompton,2022-09-05,113,West Brompton,525383.0,178030.0,51.48732859696135,-0.1955388096704278,2,SW5 9JX
832,West Brompton,2022-09-06,104,West Brompton,525383.0,178030.0,51.48732859696135,-0.1955388096704278,2,SW5 9JX
833,West Chelsea,2022-08-31,367,,,,,,,
834,West Chelsea,2022-09-01,357,,,,,,,
835,West Chelsea,2022-09-02,389,,,,,,,
836,West Chelsea,2022-09-03,469,,,,,,,
837,West Chelsea,2022-09-04,295,,,,,,,
838,West Chelsea,2022-09-05,399,,,,,,,
839,West Chelsea,2022-09-06,361,,,,,,,
840,West End,2022-08-31,399,,,,,,,
841,West End,2022-09-01,350,,,,,,,
842,West End,2022-09-02,392,,,,,,,
843,West End,2022-09-03,536,,,,,,,
844,West End,2022-09-04,381,,,,,,,
845,West End,2022-09-05,324,,,,,,,
846,West End,2022-09-06,302,,,,,,,
847,West Kensington,2022-08-31,372,West Kensington,524635.0,178321.0,51.490109027210565,-0.2062036922180267,2,W14 9NL
848,West Kensington,2022-09-01,365,West Kensington,524635.0,178321.0,51.490109027210565,-0.2062036922180267,2,W14 9NL
849,West Kensington,2022-09-02,371,West Kensington,524635.0,178321.0,51.490109027210565,-0.2062036922180267,2,W14 9NL
850,West Kensington,2022-09-03,391,West Kensington,524635.0,178321.0,51.490109027210565,-0.2062036922180267,2,W14 9NL
851,West Kensington,2022-09-04,326,West Kensington,524635.0,178321.0,51.490109027210565,-0.2062036922180267,2,W14 9NL
852,West Kensington,2022-09-05,377,West Kensington,524635.0,178321.0,51.490109027210565,-0.2062036922180267,2,W14 9NL
853,West Kensington,2022-09-06,357,West Kensington,524635.0,178321.0,51.490109027210565,-0.2062036922180267,2,W14 9NL
854,Westminster,2022-08-31,1002,Westminster,530240.0,179718.0,51.501401389193255,-0.1250020783467796,1,SW1A 2JR
855,Westminster,2022-09-01,959,Westminster,530240.0,179718.0,51.501401389193255,-0.1250020783467796,1,SW1A 2JR
856,Westminster,2022-09-02,868,Westminster,530240.0,179718.0,51.501401389193255,-0.1250020783467796,1,SW1A 2JR
857,Westminster,2022-09-03,870,Westminster,530240.0,179718.0,51.501401389193255,-0.1250020783467796,1,SW1A 2JR
858,Westminster,2022-09-04,729,Westminster,530240.0,179718.0,51.501401389193255,-0.1250020783467796,1,SW1A 2JR
859,Westminster,2022-09-05,881,Westminster,530240.0,179718.0,51.501401389193255,-0.1250020783467796,1,SW1A 2JR
860,Westminster,2022-09-06,860,Westminster,530240.0,179718.0,51.501401389193255,-0.1250020783467796,1,SW1A 2JR
861,White City,2022-08-31,113,White City,523296.0,180750.0,51.51223207227981,-0.2246319285152728,2,W12 7RH
862,White City,2022-09-01,85,White City,523296.0,180750.0,51.51223207227981,-0.2246319285152728,2,W12 7RH
863,White City,2022-09-02,87,White City,523296.0,180750.0,51.51223207227981,-0.2246319285152728,2,W12 7RH
864,White City,2022-09-03,92,White City,523296.0,180750.0,51.51223207227981,-0.2246319285152728,2,W12 7RH
865,White City,2022-09-04,80,White City,523296.0,180750.0,51.51223207227981,-0.2246319285152728,2,W12 7RH
866,White City,2022-09-05,97,White City,523296.0,180750.0,51.51223207227981,-0.2246319285152728,2,W12 7RH
867,White City,2022-09-06,91,White City,523296.0,180750.0,51.51223207227981,-0.2246319285152728,2,W12 7RH
868,Whitechapel,2022-08-31,535,Whitechapel,534738.0,181859.0,51.5195876908872,-0.0594204849881092,2,E1 1BY
869,Whitechapel,2022-09-01,459,Whitechapel,534738.0,181859.0,51.5195876908872,-0.0594204849881092,2,E1 1BY
870,Whitechapel,2022-09-02,448,Whitechapel,534738.0,181859.0,51.5195876908872,-0.0594204849881092,2,E1 1BY
871,Whitechapel,2022-09-03,495,Whitechapel,534738.0,181859.0,51.5195876908872,-0.0594204849881092,2,E1 1BY
872,Whitechapel,2022-09-04,436,Whitechapel,534738.0,181859.0,51.5195876908872,-0.0594204849881092,2,E1 1BY
873,Whitechapel,2022-09-05,465,Whitechapel,534738.0,181859.0,51.5195876908872,-0.0594204849881092,2,E1 1BY
874,Whitechapel,2022-09-06,428,Whitechapel,534738.0,181859.0,51.5195876908872,-0.0594204849881092,2,E1 1BY
